date,open
3/24/2022,3110.555825
3/24/2022,3037.685819
3/23/2022,3037.560754
3/23/2022,2970.196517
3/22/2022,2970.896339
3/22/2022,2890.827178
3/21/2022,2896.045863
3/21/2022,2862.240764
3/20/2022,2860.111539
3/20/2022,2952.131862
3/19/2022,2949.611007
3/19/2022,2939.391677
3/18/2022,2942.836223
3/18/2022,2814.671346
3/17/2022,2816.494982
3/17/2022,2775.108245
3/16/2022,2775.447493
3/16/2022,2619.305369
3/15/2022,2620.599038
3/15/2022,2591.026255
3/14/2022,2591.553492
3/14/2022,2516.1878
3/13/2022,2517.812405
3/13/2022,2569.285582
3/12/2022,2566.393381
3/12/2022,2556.435944
3/11/2022,2557.592889
3/11/2022,2611.153848
3/10/2022,2609.312788
3/10/2022,2727.949652
3/9/2022,2728.650201
3/9/2022,2577.065218
3/8/2022,2578.576689
3/8/2022,2492.814576
3/7/2022,2496.176083
3/7/2022,2550.542599
3/6/2022,2549.888932
3/6/2022,2665.792972
3/5/2022,2666.600702
3/5/2022,2623.183559
3/4/2022,2622.491867
3/4/2022,2830.292693
3/3/2022,2833.81213
3/3/2022,2948.759581
3/2/2022,2977.726556
3/1/2022,2923.514373
2/28/2022,2924.940814
2/28/2022,2618.16025
2/27/2022,2619.153754
2/27/2022,2780.729663
2/26/2022,2779.395769
2/26/2022,2769.494275
2/25/2022,2768.408848
2/25/2022,2595.033903
2/24/2022,2599.333227
2/24/2022,2581.016282
2/23/2022,2579.855509
2/23/2022,2637.98641
2/22/2022,2637.797189
2/22/2022,2569.447974
2/21/2022,2571.617921
2/21/2022,2622.739256
2/20/2022,2622.997653
2/20/2022,2764.757198
2/19/2022,2764.593505
2/19/2022,2780.08
2/18/2022,2886.29
2/17/2022,2884.32
2/17/2022,3126.97
2/16/2022,3126.69
2/16/2022,3179.37
2/15/2022,3184.15
2/15/2022,2932.5
2/14/2022,2935.304741
2/14/2022,2877.540207
2/13/2022,2870.257599
2/13/2022,2919.99
2/12/2022,2923.61
2/11/2022,2927.5
2/11/2022,3074.998444
2/10/2022,3246.504118
2/9/2022,3119.57
2/8/2022,3141.862486
2/7/2022,3141.496504
2/7/2022,3064.194582
2/6/2022,3060.185706
2/6/2022,3020.483378
2/5/2022,3021.143322
2/5/2022,2998.102414
2/4/2022,2697.163601
2/3/2022,2693.2
2/3/2022,2682.685178
2/2/2022,2683.142476
2/2/2022,2789.648713
2/1/2022,2791.137473
2/1/2022,2689.866149
1/31/2022,2690.448189
1/31/2022,2603.199458
1/30/2022,2602.54151
1/30/2022,2603.725042
1/29/2022,2604.25717
1/29/2022,2543.45
1/28/2022,2546.84
1/28/2022,2423.199402
1/27/2022,2425.82
1/27/2022,2460.65
1/26/2022,2463.904548
1/26/2022,2460.616994
1/25/2022,2455.469367
1/25/2022,2441.773682
1/24/2022,2441.4054
1/24/2022,2541.419531
1/23/2022,2542.441282
1/23/2022,2411.499011
1/22/2022,2408.644843
1/22/2022,2569.008815
1/21/2022,2571.526088
1/21/2022,2975.02
1/20/2022,3001.18
1/20/2022,3092.48
1/19/2022,3084.46
1/19/2022,3159.81
1/18/2022,3160.81
1/18/2022,3213.3
1/17/2022,3210.98
1/17/2022,3353.92
1/16/2022,3331.28
1/15/2022,3328.12
1/15/2022,3310.184793
1/14/2022,3238.59
1/13/2022,3239.122389
1/13/2022,3371.01
1/12/2022,3246.53
1/11/2022,3240.921168
1/11/2022,3086.95
1/10/2022,3085.000193
1/10/2022,3147.7
1/9/2022,3151.036129
1/9/2022,3080.649782
1/8/2022,3083.028361
1/8/2022,3197.876289
1/7/2022,3196.078026
1/7/2022,3406.335466
1/6/2022,3410.388506
1/6/2022,3538.513846
1/5/2022,3539.054189
1/5/2022,3785.060827
1/4/2022,3790.518153
1/4/2022,3762.93
1/3/2022,3820.22
1/2/2022,3819.97
1/2/2022,3767.18
1/1/2022,3767.3
1/1/2022,3691.71
12/31/2021,3683.47
12/31/2021,3706.97
12/30/2021,3637.27
12/29/2021,3797.94
12/28/2021,4031.6
12/27/2021,4069.17
12/26/2021,4065.91
12/26/2021,4093.56
12/25/2021,4045.15
12/24/2021,4120.03
12/23/2021,3986.37
12/22/2021,3980.83
12/22/2021,4021.41
12/21/2021,3952.27
12/20/2021,3946.16
12/20/2021,3929.81
12/19/2021,3924.330864
12/19/2021,3957.2
12/18/2021,3961.664091
12/18/2021,3876.508729
12/17/2021,3874.684932
12/17/2021,3957.28
12/16/2021,3960.24213
12/16/2021,4021.820301
12/15/2021,4019.086988
12/15/2021,3861.142297
12/14/2021,3862.677981
12/14/2021,3784.925879
12/13/2021,3784.398889
12/13/2021,4132.331946
12/12/2021,4133.180593
12/12/2021,4088.933858
12/11/2021,3884.92378
12/10/2021,3906.807764
12/10/2021,4104.955037
12/9/2021,4118.268125
12/9/2021,4469.777451
12/8/2021,4446.16037
12/8/2021,4307.713045
12/7/2021,4365.211712
12/6/2021,4205.791294
12/5/2021,4196.014864
12/5/2021,4129.425183
12/4/2021,4120.740104
12/4/2021,4209.927107
12/3/2021,4509.911634
12/2/2021,4512.666404
12/2/2021,4586.677825
12/1/2021,4611.465074
11/30/2021,4634.497518
11/30/2021,4447.239126
11/29/2021,4309.572989
11/28/2021,4297.097004
11/28/2021,4090.091254
11/27/2021,4093.771236
11/27/2021,4043.396244
11/26/2021,4031.790532
11/26/2021,4523.540109
11/25/2021,4518.382127
11/25/2021,4272.973574
11/24/2021,4274.412433
11/24/2021,4342.941624
11/23/2021,4341.664303
11/23/2021,4083.65
11/22/2021,4089.16
11/22/2021,4265.87
11/21/2021,4416.39
11/20/2021,4303.6
11/19/2021,4009.87
11/18/2021,4002.608294
11/18/2021,4289.441602
11/17/2021,4289.4
11/17/2021,4222.67
11/16/2021,4212.474102
11/16/2021,4545.67
11/15/2021,4559.226888
11/15/2021,4626.850573
11/14/2021,4627.34957
11/14/2021,4644.711092
11/13/2021,4646.889057
11/13/2021,4667.46591
11/12/2021,4672.180161
11/12/2021,4721.87
11/11/2021,4724.195889
11/11/2021,4632.486098
11/10/2021,4638.53361
11/10/2021,4734.091715
11/9/2021,4734.06948
11/9/2021,4805.99
11/8/2021,4811.9
11/8/2021,4620.81
11/7/2021,4617.02
11/7/2021,4511.98
11/6/2021,4523.16
11/6/2021,4475.88
11/5/2021,4538.27
11/4/2021,4537.15
11/4/2021,4605.6
11/3/2021,4598
11/2/2021,4324.21
11/1/2021,4325.548484
11/1/2021,4295.35
10/31/2021,4290.16
10/31/2021,4328.81
10/30/2021,4325.869542
10/30/2021,4426.66
10/29/2021,4415.685773
10/29/2021,4287.945607
10/28/2021,4288.010548
10/28/2021,3923.73571
10/27/2021,3929.019487
10/27/2021,4131.247954
10/26/2021,4130.616708
10/26/2021,4220.817104
10/25/2021,4221.140301
10/25/2021,4082.277837
10/24/2021,4084.045264
10/24/2021,4168.507778
10/23/2021,3971.504249
10/22/2021,3969.908447
10/22/2021,4053.964671
10/21/2021,4154.42
10/20/2021,4162.26
10/20/2021,3887.87
10/19/2021,3748.31
10/18/2021,3747.912479
10/18/2021,3854.37
10/17/2021,3825.19
10/16/2021,3828.449904
10/16/2021,3868.72
10/15/2021,3864.436685
10/15/2021,3791.66
10/14/2021,3786.529466
10/14/2021,3608.188718
10/13/2021,3490.650105
10/12/2021,3542.701251
10/11/2021,3543.53865
10/11/2021,3410
10/10/2021,3571.7
10/9/2021,3556.25
10/8/2021,3563.95
10/8/2021,3589.74
10/7/2021,3588.51
10/7/2021,3573.84
10/6/2021,3515.24
10/5/2021,3385.32
10/4/2021,3387.2
10/4/2021,3416.92
10/3/2021,3418.914242
10/3/2021,3395.27
10/2/2021,3310.963182
10/1/2021,3310.975369
10/1/2021,3000.465898
9/30/2021,2850.14
9/29/2021,2806.269546
9/28/2021,2925.769607
9/27/2021,3061.965662
9/26/2021,2924.081709
9/25/2021,2931.037261
9/24/2021,3154.360772
9/23/2021,3078.323356
9/22/2021,2779.85
9/21/2021,2971.93
9/20/2021,2972.12
9/20/2021,3343.34
9/19/2021,3335.35
9/19/2021,3428.16
9/18/2021,3429.03
9/18/2021,3392.96
9/17/2021,3400
9/17/2021,3563.86
9/16/2021,3570.34
9/16/2021,3615.65
9/15/2021,3615.87
9/15/2021,3438.91
9/14/2021,3280.73
9/13/2021,3286.2
9/13/2021,3400.11
9/12/2021,3263.88
9/11/2021,3222.85
9/10/2021,3209.82
9/10/2021,3426.51
9/9/2021,3501.631766
9/8/2021,3495.644456
9/8/2021,3434.037385
9/7/2021,3928.394459
9/6/2021,3952.154479
9/5/2021,3845.313976
9/3/2021,3787.989114
9/2/2021,3789.605016
9/2/2021,3823.976422
9/1/2021,3406.227273
8/31/2021,3227.239908
8/30/2021,3227.486196
8/30/2021,3228.658734
8/29/2021,3224.610634
8/29/2021,3247.58301
8/28/2021,3243.964588
8/28/2021,3270.666681
8/27/2021,3270.779053
8/27/2021,3084.817942
8/26/2021,3098.870516
8/26/2021,3231.313525
8/25/2021,3177.165411
8/24/2021,3171.253922
8/24/2021,3325.178649
8/23/2021,3317.488184
8/23/2021,3238.999045
8/22/2021,3224.052429
8/21/2021,3225.101028
8/21/2021,3285.493669
8/20/2021,3184.998503
8/19/2021,3024.53
8/18/2021,3016.86
8/18/2021,3011.01
8/17/2021,3013.81
8/17/2021,3144.49
8/16/2021,3317.24
8/15/2021,3311.647458
8/15/2021,3272.687779
8/14/2021,3319.817249
8/13/2021,3048.069251
8/12/2021,3162.66129
8/11/2021,3141.682338
8/10/2021,3150.6
8/9/2021,3021
8/8/2021,3158.3
8/7/2021,2891.193238
8/6/2021,2891.85408
8/6/2021,2829.048483
8/5/2021,2727.407813
8/4/2021,2512.638097
8/3/2021,2607.414173
8/2/2021,2562.69
8/1/2021,2524.01
7/31/2021,2536.04
7/31/2021,2453.930754
7/30/2021,2386.87
7/29/2021,2300.521333
7/28/2021,2300.641837
7/27/2021,2228.519064
7/26/2021,2192.909356
7/25/2021,2184.86
7/24/2021,2113.34
7/23/2021,2125.81
7/23/2021,2024.75
7/22/2021,1993.44
7/21/2021,1791.58
7/20/2021,1786.46
7/20/2021,1818.898025
7/19/2021,1818.44
7/19/2021,1889.052484
7/18/2021,1891.46
7/18/2021,1900.009305
7/17/2021,1877.180032
7/16/2021,1921.879079
7/15/2021,1994.247241
7/14/2021,1940.378941
7/13/2021,2030.937309
7/12/2021,2139.16
7/11/2021,2115.97
7/10/2021,2147.1
7/9/2021,2147.03
7/9/2021,2116.96
7/8/2021,2316.82
7/7/2021,2317.8
7/6/2021,2323.92
7/6/2021,2201.93
7/5/2021,2197.34
7/5/2021,2317.36
7/4/2021,2323.16
7/4/2021,2225.09
7/3/2021,2225.95
7/3/2021,2159.59
7/2/2021,2107.178076
7/1/2021,2276.454652
6/30/2021,2275.628558
6/30/2021,2166.935247
6/29/2021,2083.553931
6/28/2021,1983.314762
6/27/2021,1978.725256
6/27/2021,1830.64827
6/26/2021,1809.536755
6/25/2021,1989.174686
6/24/2021,1972.6
6/23/2021,1967.68
6/23/2021,1871.62
6/22/2021,1880.01
6/22/2021,1893.57
6/21/2021,2257.07
6/20/2021,2242.9
6/20/2021,2158.15
6/19/2021,2174.57
6/19/2021,2225.42
6/18/2021,2234.47
6/18/2021,2371.14
6/17/2021,2370.22
6/17/2021,2367.73
6/16/2021,2543.37232
6/15/2021,2582.483512
6/14/2021,2515.99
6/13/2021,2509.82
6/13/2021,2370.724416
6/12/2021,2354.813968
6/11/2021,2470.997379
6/10/2021,2610.633938
6/9/2021,2509.048145
6/8/2021,2606.991436
6/7/2021,2718.68
6/6/2021,2629.885236
6/5/2021,2690.896728
6/4/2021,2856.057688
6/3/2021,2706.64
6/2/2021,2643.82
6/1/2021,2633.74
6/1/2021,2726.78
5/31/2021,2693.13
5/31/2021,2373.63
5/30/2021,2392.82
5/30/2021,2284.03
5/29/2021,2283.55
5/29/2021,2406.28
5/28/2021,2408.55
5/28/2021,2730.02
5/27/2021,2873.66
5/26/2021,2889.84
5/26/2021,2704.02
5/25/2021,2707.56
5/25/2021,2635.6
5/24/2021,2115.75
5/23/2021,2107.812867
5/23/2021,2289.32
5/22/2021,2441.27
5/21/2021,2774.514776
5/20/2021,2442.614147
5/19/2021,3386.312493
5/18/2021,3283.29
5/17/2021,3588.29
5/16/2021,3627.19
5/15/2021,3642.28
5/15/2021,4094.99
5/14/2021,4083.78
5/14/2021,3708.95
5/13/2021,3715.01
5/13/2021,3825
5/12/2021,4172.33
5/11/2021,3946.96
5/10/2021,3922.96
5/9/2021,3933.130758
5/9/2021,3917.235249
5/8/2021,3484.200223
5/7/2021,3492.459978
5/6/2021,3529.070382
5/5/2021,3240.640745
5/4/2021,3432.945037
5/3/2021,2951.68638
5/2/2021,2948.92
5/1/2021,2948.209767
5/1/2021,2776.443892
4/30/2021,2758.439059
4/29/2021,2750.261825
4/28/2021,2667.862172
4/27/2021,2534
4/26/2021,2318.42
4/25/2021,2322.16
4/25/2021,2231
4/24/2021,2216.15
4/24/2021,2357.94
4/23/2021,2366.24
4/23/2021,2414.92
4/22/2021,2370.46
4/21/2021,2343.28
4/20/2021,2332.6
4/20/2021,2170.81
4/19/2021,2163.82
4/19/2021,2250.23
4/18/2021,2242.714992
4/18/2021,2326.18
4/17/2021,2317.039681
4/17/2021,2421.89177
4/16/2021,2516.645382
4/15/2021,2431.995543
4/14/2021,2301.245808
4/13/2021,2138.345296
4/12/2021,2150.54
4/11/2021,2150.41
4/11/2021,2132.08
4/10/2021,2133.72
4/10/2021,2066.74
4/9/2021,2079.055338
4/8/2021,2081.29
4/8/2021,1967.5
4/7/2021,1964.23
4/7/2021,2113
4/6/2021,2115.97
4/5/2021,2105.82
4/5/2021,2078.46
4/4/2021,2076.98
4/4/2021,2008.932841
4/3/2021,2134.34746
4/2/2021,1968.130136
4/1/2021,1919.717434
3/31/2021,1841.606753
3/30/2021,1822.18
3/29/2021,1684.07
3/28/2021,1687.19
3/28/2021,1713.88
3/27/2021,1700.1
3/26/2021,1587.08
3/25/2021,1581.79
3/24/2021,1584.58
3/24/2021,1672.54
3/23/2021,1671.9
3/23/2021,1683.53
3/22/2021,1784
3/21/2021,1801.15
3/20/2021,1808.86
3/19/2021,1810.29
3/19/2021,1776.56
3/18/2021,1829.11
3/17/2021,1812
3/16/2021,1795.381835
3/15/2021,1848.412961
3/14/2021,1891.440669
3/14/2021,1891.440669
3/13/2021,1767.79
3/12/2021,1833.58
3/11/2021,1827.04
3/11/2021,1778.04
3/10/2021,1876.53
3/9/2021,1871.99
3/9/2021,1839.01
3/8/2021,1739.33
3/7/2021,1724.79
3/7/2021,1658.68
3/6/2021,1651.66
3/6/2021,1534.82
3/5/2021,1540.86
3/4/2021,1539.69
3/4/2021,1563.62
3/3/2021,1567.86
3/3/2021,1485.04
3/2/2021,1493.385966
3/2/2021,1572.9
3/1/2021,1422.393761
2/28/2021,1460.425937
2/27/2021,1445.23905
2/26/2021,1482.518681
2/25/2021,1625.3
2/24/2021,1585
2/23/2021,1779.68
2/22/2021,1778.387622
2/22/2021,1937.39
2/21/2021,1914.61
2/20/2021,1957.175276
2/19/2021,1939.324911
2/18/2021,1850.828865
2/17/2021,1785.674193
2/16/2021,1776.843672
2/15/2021,1806.922822
2/14/2021,1803.669595
2/14/2021,1817.838911
2/13/2021,1848.644928
2/12/2021,1789.602442
2/11/2021,1747.25077
2/10/2021,1744.542648
2/10/2021,1774.836693
2/9/2021,1771.609619
2/9/2021,1756.378719
2/8/2021,1752.599749
2/8/2021,1606.920808
2/7/2021,1616.389205
2/7/2021,1675.064682
2/6/2021,1679.431888
2/6/2021,1723.176872
2/5/2021,1723.182424
2/5/2021,1605.828764
2/4/2021,1597.361878
2/4/2021,1666.661503
2/3/2021,1521.428431
2/3/2021,1521.428431
2/2/2021,1387.279159
2/1/2021,1282.883169
1/31/2021,1313.576198
1/31/2021,1373.371504
1/30/2021,1405.433939
1/29/2021,1383.002565
1/29/2021,1339.533422
1/28/2021,1331.137511
1/28/2021,1247.657047
1/27/2021,1248.168542
1/27/2021,1366.982689
1/26/2021,1364.544004
1/26/2021,1316.320998
1/25/2021,1319.681655
1/25/2021,1392.803101
1/24/2021,1394.89241
1/24/2021,1225.72461
1/23/2021,1233.075415
1/23/2021,1225.245041
1/22/2021,1238.210766
1/22/2021,1108.985494
1/21/2021,1117.335283
1/21/2021,1385.949012
1/20/2021,1376.481561
1/20/2021,1345.4986
1/19/2021,1374.684159
1/19/2021,1272.53652
1/19/2021,1272.53652
1/18/2021,1238.157664
1/17/2021,1233.04106
1/17/2021,1214.540351
1/16/2021,1228.428728
1/16/2021,1179.166709
1/15/2021,1171.960085
1/15/2021,1238.314083
1/14/2021,1226.547495
1/14/2021,1143.274015
1/13/2021,1131.367954
1/13/2021,1041.457901
1/12/2021,1049.423934
1/12/2021,1080.130611
1/11/2021,1091.957039
1/11/2021,1246.09807
1/10/2021,1289.67
1/9/2021,1231.846963
1/8/2021,1217.819065
1/8/2021,1222.412176
1/7/2021,1224.132685
1/7/2021,1216.662681
1/6/2021,1209.045344
1/6/2021,1109.862354
1/5/2021,1048.554375
1/4/2021,988.5238265
1/4/2021,988.5238265
1/3/2021,778.1925675
1/2/2021,775.1390985
1/2/2021,727.561545
1/1/2021,730.1145904
1/1/2021,738.5260917
12/31/2020,737.1926244
12/31/2020,753.4125718
12/30/2020,752.3996988
12/30/2020,734.2055078
12/29/2020,731.743102
12/29/2020,731.4184802
12/28/2020,729.6221658
12/28/2020,687.8791084
12/27/2020,682.1437793
12/27/2020,638.5076062
12/26/2020,635.9738198
12/26/2020,628.604621
12/25/2020,626.5836396
12/25/2020,615.1473804
12/24/2020,612.6077476
12/24/2020,579.6930576
12/23/2020,584.0731079
12/23/2020,636.242994
12/22/2020,609.3650495
12/21/2020,635.1576418
12/20/2020,656.2794874
12/19/2020,655.1125291
12/18/2020,640.9861837
12/17/2020,640.3165888
12/16/2020,589.2456269
12/15/2020,589.0811551
12/15/2020,587.0517891
12/14/2020,590.0171399
12/13/2020,568.779064
12/12/2020,545.8311814
12/11/2020,559.9681688
12/10/2020,573.9290146
12/9/2020,554.8192451
12/8/2020,591.1307626
12/7/2020,591.3848588
12/7/2020,602.7255864
12/6/2020,598.7261542
12/5/2020,567.2330081
12/4/2020,615.705535
12/3/2020,597.3579431
12/2/2020,585.4457059
12/1/2020,616.3764415
11/30/2020,578.1798335
11/29/2020,537.8770581
11/28/2020,519.3717901
11/27/2020,520.9713893
11/26/2020,567.9622837
11/25/2020,605.1703576
11/24/2020,608.9248234
11/23/2020,562.2983605
11/22/2020,551.6100614
11/21/2020,510.2209096
11/20/2020,510.0070423
11/20/2020,471.5353581
11/19/2020,479.6375542
11/18/2020,482.5503753
11/17/2020,460.3757029
11/16/2020,446.0614122
11/15/2020,461.1727945
11/14/2020,473.743761
11/13/2020,462.9952177
11/12/2020,463.5985132
11/11/2020,451.1144289
11/10/2020,443.3888015
11/9/2020,454.4843129
11/8/2020,434.7542953
11/7/2020,456.1749265
11/6/2020,417.4616963
11/5/2020,403.6088243
11/4/2020,387.8907876
11/3/2020,382.9535172
11/2/2020,396.9807156
11/1/2020,385.2658318
10/31/2020,382.5848968
10/30/2020,381.8363929
10/30/2020,381.8363929
10/29/2020,389.0391971
10/28/2020,388.5886713
10/28/2020,404.1717229
10/27/2020,403.9178276
10/27/2020,393.0184477
10/26/2020,393.0543502
10/26/2020,405.3091906
10/25/2020,405.8530346
10/25/2020,412.2154374
10/24/2020,412.3996783
10/24/2020,409.6209159
10/23/2020,409.4930661
10/23/2020,414.2504337
10/22/2020,414.4014459
10/22/2020,391.9363993
10/21/2020,368.3313478
10/20/2020,379.3918853
10/19/2020,378.4563085
10/18/2020,368.5165632
10/17/2020,365.5245617
10/16/2020,377.7296748
10/15/2020,378.8369185
10/14/2020,381.071104
10/13/2020,386.7648151
10/12/2020,374.1036409
10/11/2020,370.714811
10/10/2020,365.0766711
10/9/2020,350.5254578
10/8/2020,342.2648926
10/7/2020,340.8708947
10/6/2020,340.3511342
10/6/2020,355.0406279
10/5/2020,352.3544817
10/4/2020,352.5694618
10/4/2020,346.0092043
10/3/2020,345.8706203
10/2/2020,352.8112146
10/1/2020,359.9866163
9/30/2020,359.9243923
9/29/2020,353.7852432
9/28/2020,359.6374004
9/27/2020,354.3432501
9/26/2020,352.0063274
9/25/2020,349.037646
9/24/2020,320.4819975
9/23/2020,344.1822506
9/22/2020,340.0956908
9/21/2020,370.7348824
9/20/2020,370.8887137
9/20/2020,385.1463087
9/19/2020,384.4289875
9/18/2020,389.3697928
9/17/2020,364.7664538
9/16/2020,364.0165771
9/15/2020,377.2168373
9/14/2020,366.1884931
9/13/2020,387.4574677
9/12/2020,373.9740139
9/11/2020,367.9768771
9/10/2020,351.2068095
9/9/2020,350.8031237
9/9/2020,336.7429807
9/8/2020,353.6864297
9/7/2020,352.7096369
9/6/2020,335.1121704
9/5/2020,386.061012
9/4/2020,382.250962
9/3/2020,439.4748594
9/2/2020,476.067772
9/1/2020,433.9243576
8/31/2020,429.3572314
8/30/2020,398.5996054
8/29/2020,395.7459979
8/28/2020,383.1648422
8/27/2020,385.822773
8/26/2020,382.5803584
8/25/2020,407.9197096
8/24/2020,390.7233242
8/23/2020,395.708453
8/22/2020,388.0305432
8/21/2020,416.0380301
8/20/2020,408.752817
8/19/2020,423.5443197
8/18/2020,431.0164878
8/17/2020,434.4979981
8/16/2020,432.3868812
8/15/2020,438.4101108
8/14/2020,424.9314842
8/13/2020,386.7691925
8/12/2020,378.4103599
8/11/2020,395.8573173
8/10/2020,390.1907001
8/9/2020,398.428019
8/8/2020,378.9581867
8/7/2020,394.8927587
8/6/2020,400.258958
8/5/2020,389.9848942
8/4/2020,386.558178
8/3/2020,372.1565698
8/2/2020,387.5861356
8/1/2020,346.695935
7/31/2020,335.1631642
7/30/2020,317.6133069
7/29/2020,317.8459839
7/28/2020,321.919646
7/27/2020,311.5759344
7/26/2020,305.1428033
7/25/2020,279.9369666
7/24/2020,275.591982
7/23/2020,264.4485407
7/22/2020,245.7853547
7/21/2020,236.1298742
7/20/2020,239.5254111
7/19/2020,235.7848731
7/18/2020,232.7468552
7/17/2020,233.5642661
7/16/2020,238.4897091
7/15/2020,240.4540989
7/14/2020,239.4026441
7/13/2020,243.121534
7/12/2020,239.2211609
7/11/2020,241.439652
7/10/2020,242.076008
7/9/2020,246.8241708
7/8/2020,239.4364572
7/7/2020,241.4543337
7/6/2020,227.6867035
7/5/2020,229.2143508
7/4/2020,225.0822754
7/3/2020,226.3640698
7/2/2020,231.0601343
7/1/2020,225.5673916
6/30/2020,227.8951057
6/29/2020,225.0738272
6/28/2020,220.9185538
6/27/2020,229.6615009
6/26/2020,232.1381962
6/25/2020,234.5520082
6/24/2020,243.1491624
6/23/2020,243.6579933
6/22/2020,227.6860175
6/21/2020,228.8390731
6/20/2020,228.821655
6/19/2020,231.2300742
6/18/2020,233.8200155
6/17/2020,235.3332501
6/16/2020,231.0451609
6/15/2020,231.2544467
6/14/2020,238.18761
6/13/2020,237.6144343
6/12/2020,229.8423304
6/11/2020,248.2619402
6/10/2020,243.965625
6/9/2020,247.6309748
6/8/2020,245.0695221
6/7/2020,241.9217775
6/6/2020,240.1105187
6/5/2020,243.2564023
6/4/2020,244.7010785
6/3/2020,237.4728743
6/2/2020,248.1768768
6/1/2020,231.1126675
5/31/2020,243.6794069
5/30/2020,220.6311702
5/29/2020,221.3775489
5/28/2020,208.2170518
5/27/2020,200.9496221
5/26/2020,203.9929694
5/25/2020,199.2913237
5/24/2020,206.4026132
5/23/2020,207.5963278
5/22/2020,198.23341
5/21/2020,209.8604493
5/20/2020,214.5348422
5/19/2020,214.9092608
5/18/2020,207.2178541
5/17/2020,200.564671
5/16/2020,194.7386973
5/15/2020,203.8255481
5/14/2020,199.9425806
5/13/2020,189.8272068
5/12/2020,185.7658749
5/11/2020,188.5118518
5/10/2020,209.8864298
5/9/2020,211.4943261
5/8/2020,212.3089376
5/7/2020,199.0245514
5/6/2020,205.3329395
5/5/2020,207.0236433
5/4/2020,209.9109066
5/3/2020,213.9081648
5/2/2020,212.0087793
5/1/2020,206.2009189
4/30/2020,215.1827521
4/29/2020,196.5898131
4/28/2020,196.5027158
4/27/2020,198.4129357
4/26/2020,193.9339686
4/25/2020,187.4412612
4/24/2020,185.4241492
4/23/2020,183.208401
4/22/2020,170.4759551
4/21/2020,170.4370123
4/20/2020,180.0435812
4/19/2020,187.7465846
4/18/2020,170.7750453
4/17/2020,172.8403686
4/16/2020,151.4554548
4/15/2020,158.5411945
4/14/2020,156.5357052
4/13/2020,157.6595364
4/12/2020,158.4491557
4/11/2020,158.809493
4/10/2020,169.8161013
4/9/2020,172.6302634
4/8/2020,164.6413228
4/7/2020,170.9722668
4/6/2020,142.9290637
4/5/2020,144.9918051
4/4/2020,141.4666998
4/3/2020,141.1892877
4/2/2020,137.7441723
4/1/2020,133.2330686
3/31/2020,132.1833949
3/30/2020,124.8554844
3/29/2020,131.2865187
3/28/2020,130.0379779
3/27/2020,139.1808803
3/26/2020,137.0011173
3/25/2020,138.3840832
3/24/2020,136.4092751
3/23/2020,122.3765085
3/22/2020,132.0549205
3/21/2020,133.5257155
3/20/2020,137.1990856
3/19/2020,118.4473188
3/18/2020,116.3133077
3/17/2020,112.0013191
3/16/2020,123.3705086
3/15/2020,122.8399757
3/14/2020,133.968294
3/13/2020,111.2752577
3/12/2020,194.7415304
3/11/2020,200.7025028
3/10/2020,203.7443118
3/9/2020,201.8205185
3/8/2020,236.5022681
3/7/2020,246.0742117
3/6/2020,228.1166317
3/5/2020,224.498132
3/4/2020,223.9527421
3/3/2020,231.8633211
3/2/2020,217.6278737
3/1/2020,218.4562983
2/29/2020,227.4294384
2/28/2020,227.6423694
2/27/2020,223.8092072
2/26/2020,245.6435372
2/25/2020,265.9896882
2/24/2020,274.9631279
2/23/2020,261.8239475
2/22/2020,265.3899179
2/21/2020,257.277489
2/20/2020,258.9455107
2/19/2020,282.5524862
2/18/2020,268.2483281
2/17/2020,258.9026118
2/16/2020,264.5598775
2/15/2020,286.0177162
2/14/2020,268.8727375
2/13/2020,265.6678594
2/12/2020,237.6472151
2/11/2020,223.1222914
2/10/2020,228.6242655
2/9/2020,223.2054027
2/8/2020,223.3407608
2/7/2020,213.227949
2/6/2020,203.8641795
2/5/2020,188.6126472
2/4/2020,189.7097503
2/3/2020,188.3494106
2/2/2020,183.6189068
2/1/2020,179.8344308
1/31/2020,184.5698102
1/30/2020,173.6482731
1/29/2020,176.0848184
1/28/2020,170.122213
1/27/2020,168.1918125
1/26/2020,159.3891804
1/25/2020,162.5497722
1/24/2020,162.8946715
1/23/2020,168.0282546
1/22/2020,169.7295672
1/21/2020,166.7925318
1/20/2020,167.0333925
1/19/2020,174.0226578
1/18/2020,169.446009
1/17/2020,164.0983763
1/16/2020,166.6053279
1/15/2020,163.4122822
1/14/2020,143.58043
1/13/2020,146.8385967
1/12/2020,142.2728654
1/11/2020,144.7945944
1/10/2020,137.7712853
1/9/2020,140.6109716
1/8/2020,142.946891
1/7/2020,144.3169115
1/6/2020,135.276097
1/5/2020,134.4328358
1/4/2020,134.3858864
1/3/2020,127.0706028
1/2/2020,130.4964912
1/1/2020,128.9040062
12/31/2019,131.4453681
12/30/2019,134.3617544
12/29/2019,128.0722532
12/28/2019,126.2957982
12/27/2019,125.63896
12/26/2019,125.0878785
12/25/2019,127.7289276
12/24/2019,127.9055193
12/23/2019,132.3609943
12/22/2019,127.0436485
12/21/2019,128.3207427
12/20/2019,128.1848445
12/19/2019,133.3981152
12/18/2019,122.0877132
12/17/2019,132.6581892
12/16/2019,142.5083773
12/15/2019,141.9252853
12/14/2019,144.7728086
12/13/2019,144.8679242
12/12/2019,144.048741
12/11/2019,145.645436
12/10/2019,147.4541534
12/9/2019,150.6247114
12/8/2019,147.356367
12/7/2019,148.8138452
12/6/2019,148.2188433
12/5/2019,145.4772658
12/4/2019,147.2829535
12/3/2019,148.8585924
12/2/2019,151.2990416
12/1/2019,151.3335225
11/30/2019,154.5064675
11/29/2019,150.4169756
11/28/2019,152.7503041
11/27/2019,147.3792821
11/26/2019,145.9836034
11/25/2019,140.1683268
11/24/2019,152.274326
11/23/2019,149.7754701
11/22/2019,161.002192
11/21/2019,174.4389864
11/20/2019,175.783061
11/19/2019,178.0163757
11/18/2019,183.7561806
11/17/2019,182.2887234
11/16/2019,180.1493254
11/15/2019,184.7506066
11/14/2019,188.1711258
11/13/2019,187.1610129
11/12/2019,184.8475354
11/11/2019,189.1983738
11/10/2019,184.7825888
11/9/2019,183.8651701
11/8/2019,186.6784072
11/7/2019,191.4163944
11/6/2019,188.7958172
11/5/2019,186.0142591
11/4/2019,181.7541278
11/3/2019,183.180856
11/2/2019,183.6734539
11/1/2019,181.9563592
10/31/2019,183.2505666
10/30/2019,190.7067475
10/29/2019,181.5585387
10/28/2019,183.8760885
10/27/2019,179.6754532
10/26/2019,182.2610862
10/25/2019,160.6366547
10/24/2019,162.4085148
10/23/2019,171.4024433
10/22/2019,174.1155779
10/21/2019,174.9856182
10/20/2019,171.8404087
10/19/2019,173.2861171
10/18/2019,177.2579498
10/17/2019,174.5218669
10/16/2019,180.4606229
10/15/2019,187.7214687
10/14/2019,181.1459417
10/13/2019,179.4658735
10/12/2019,180.9018169
10/11/2019,191.6490106
10/10/2019,193.8237482
10/9/2019,180.8522812
10/8/2019,180.4518129
10/7/2019,170.2276143
10/6/2019,176.3561116
10/5/2019,175.1727256
10/4/2019,175.1031598
10/3/2019,180.8681419
10/2/2019,176.0829703
10/1/2019,181.4634876
9/30/2019,169.9677329
9/29/2019,173.7797601
9/28/2019,173.9008551
9/27/2019,166.3566307
9/26/2019,170.3015969
9/25/2019,167.0117711
9/24/2019,200.5848026
9/23/2019,211.6543304
9/22/2019,215.4586522
9/21/2019,218.5527236
9/20/2019,221.7894003
9/19/2019,209.1709442
9/18/2019,208.3847715
9/17/2019,198.0829897
9/16/2019,189.8302224
9/15/2019,188.5877392
9/14/2019,181.4382007
9/13/2019,180.8263785
9/12/2019,178.4760268
9/11/2019,179.7889563
9/10/2019,180.6182926
9/9/2019,181.2739003
9/8/2019,178.621387
9/7/2019,169.1326262
9/6/2019,173.8526196
9/5/2019,174.7302625
9/4/2019,178.5312976
9/3/2019,178.551463
9/2/2019,171.2693135
9/1/2019,171.8990381
8/31/2019,168.4860693
8/30/2019,169.3428116
8/29/2019,172.8609989
8/28/2019,187.2373608
8/27/2019,188.4752337
8/26/2019,186.8233767
8/25/2019,190.8311787
8/24/2019,194.2588045
8/23/2019,189.7470614
8/22/2019,189.9340291
8/21/2019,196.9390056
8/20/2019,202.5738461
8/19/2019,194.4876781
8/18/2019,186.2743801
8/17/2019,185.1523161
8/16/2019,188.0601102
8/15/2019,188.1114007
8/14/2019,208.8664428
8/13/2019,211.2726486
8/12/2019,215.623414
8/11/2019,206.2799383
8/10/2019,211.2465147
8/9/2019,221.5399486
8/8/2019,226.5324414
8/7/2019,225.7344524
8/6/2019,232.8658663
8/5/2019,222.5978752
8/4/2019,222.0208388
8/3/2019,217.7830907
8/2/2019,217.334
8/1/2019,218.7765953
7/31/2019,209.5286123
7/30/2019,211.2146405
7/29/2019,211.490945
7/28/2019,207.4566752
7/27/2019,218.7271494
7/26/2019,218.9175601
7/25/2019,215.9255337
7/24/2019,212.3392201
7/23/2019,216.7335889
7/22/2019,226.4431105
7/21/2019,227.7529853
7/20/2019,222.9516812
7/19/2019,226.1284896
7/18/2019,211.2865282
7/17/2019,199.8849807
7/16/2019,229.0606398
7/15/2019,226.6141534
7/14/2019,269.5179059
7/13/2019,275.1805826
7/12/2019,268.1500844
7/11/2019,288.0961554
7/10/2019,306.9405291
7/9/2019,312.404126
7/8/2019,307.0987855
7/7/2019,286.0624272
7/6/2019,287.5347334
7/5/2019,281.6187539
7/4/2019,302.6794201
7/3/2019,292.5877055
7/2/2019,295.5681017
7/1/2019,292.0006105
6/30/2019,320.1308048
6/29/2019,309.7488068
6/28/2019,293.8871466
6/27/2019,334.0597632
6/26/2019,316.6516756
6/25/2019,311.6636153
6/24/2019,306.8363914
6/23/2019,309.837374
6/22/2019,295.0956433
6/21/2019,272.6648229
6/20/2019,269.021376
6/19/2019,264.6526963
6/18/2019,273.9752464
6/17/2019,269.0351897
6/16/2019,268.5238385
6/15/2019,263.920029
6/14/2019,255.6687105
6/13/2019,261.716326
6/12/2019,245.052366
6/11/2019,248.0451678
6/10/2019,230.8244614
6/9/2019,243.8480012
6/8/2019,249.0639404
6/7/2019,250.011068
6/6/2019,245.4286989
6/5/2019,241.6799162
6/4/2019,247.1100587
6/3/2019,269.0542374
6/2/2019,264.175838
6/1/2019,267.5789719
5/31/2019,254.3148854
5/30/2019,266.0623106
5/29/2019,267.8155138
5/28/2019,268.6411727
5/27/2019,264.9845641
5/26/2019,252.791357
5/25/2019,251.5193204
5/24/2019,249.3229191
5/23/2019,246.4270547
5/22/2019,255.0954635
5/21/2019,252.5290644
5/20/2019,259.7882665
5/19/2019,232.6517678
5/18/2019,245.7757058
5/17/2019,263.5282493
5/16/2019,248.4769856
5/15/2019,217.7809293
5/14/2019,195.8201273
5/13/2019,187.9255106
5/12/2019,194.1216118
5/11/2019,173.121937
5/10/2019,171.30867
5/9/2019,171.5330931
5/8/2019,167.7690504
5/7/2019,175.2491783
5/6/2019,165.9525515
5/5/2019,164.2781765
5/4/2019,168.3747159
5/3/2019,161.4611382
5/2/2019,161.0742799
5/1/2019,163.392434
4/30/2019,161.3799019
4/29/2019,158.806962
4/28/2019,159.6711662
4/27/2019,157.9952468
4/26/2019,153.7051342
4/25/2019,165.5263316
4/24/2019,169.9351886
4/23/2019,175.0205771
4/22/2019,170.5272959
4/21/2019,173.2230502
4/20/2019,173.4090313
4/19/2019,174.4123076
4/18/2019,166.4591525
4/17/2019,166.1895181
4/16/2019,160.0798272
4/15/2019,169.3416653
4/14/2019,163.6974397
4/13/2019,164.0226676
4/12/2019,164.8094578
4/11/2019,177.3454251
4/10/2019,175.2178008
4/9/2019,179.8404966
4/8/2019,174.7806159
4/7/2019,166.0081375
4/6/2019,165.3066838
4/5/2019,157.7804936
4/4/2019,160.292644
4/3/2019,164.6188615
4/2/2019,141.7377643
4/1/2019,142.4062677
3/31/2019,143.6266972
3/30/2019,144.8766945
3/29/2019,138.2122773
3/28/2019,140.2608135
3/27/2019,134.3873847
3/26/2019,134.4136274
3/25/2019,136.3021422
3/24/2019,137.6597558
3/23/2019,136.2566819
3/22/2019,136.1037554
3/21/2019,139.6699745
3/20/2019,139.027835
3/19/2019,138.2544011
3/18/2019,139.5195145
3/17/2019,141.733828
3/16/2019,137.531804
3/15/2019,132.7787395
3/14/2019,132.2857478
3/13/2019,134.5481605
3/12/2019,133.5151039
3/11/2019,136.2261168
3/10/2019,138.1578083
3/9/2019,134.3885995
3/8/2019,137.6934443
3/7/2019,140.1714969
3/6/2019,138.0141698
3/5/2019,126.5087794
3/4/2019,131.3225377
3/3/2019,134.5967472
3/2/2019,136.5113733
3/1/2019,136.7072035
2/28/2019,135.9723628
2/27/2019,139.2576112
2/26/2019,137.12
2/25/2019,139.02
2/24/2019,133.42
2/23/2019,159.48
2/22/2019,149.04
2/21/2019,146.36
2/20/2019,149.23
2/19/2019,144.4
2/18/2019,146.53
2/17/2019,134.28
2/16/2019,123.26
2/15/2019,122.02
2/14/2019,120.85
2/13/2019,122.31
2/12/2019,122.63
2/11/2019,120.76
2/10/2019,125.58
2/9/2019,119.46
2/8/2019,119.49
2/7/2019,104.3
2/6/2019,104.5
2/5/2019,106.93
2/4/2019,106.9
2/3/2019,107.21
2/2/2019,111
2/1/2019,107.03
1/31/2019,106.89
1/30/2019,109.04
1/29/2019,104.75
1/28/2019,106.36
1/27/2019,112.27
1/26/2019,116.33
1/25/2019,115.92
1/24/2019,117.7
1/23/2019,117.57
1/22/2019,119.12
1/21/2019,116.72
1/20/2019,118.41
1/19/2019,124.85
1/18/2019,120.57
1/17/2019,123.72
1/16/2019,123.12
1/15/2019,121.22
1/14/2019,129.74
1/13/2019,116.56
1/12/2019,125.83
1/11/2019,127.16
1/10/2019,127.96
1/9/2019,151.17
1/8/2019,151.1
1/7/2019,152.09
1/6/2019,158.61
1/5/2019,156.23
1/4/2019,156.04
1/3/2019,149.44
1/2/2019,156.57
1/1/2019,142.66
12/31/2018,133.49
12/30/2018,141.33
12/29/2018,137.3
12/28/2018,139.73
12/27/2018,116.72
12/26/2018,132.61
12/25/2018,130.99
12/24/2018,140.87
12/23/2018,131.56
12/22/2018,118.36
12/21/2018,109.44
12/20/2018,116.43
12/19/2018,100.63
12/18/2018,102.44
12/17/2018,95.44
12/16/2018,85.39
12/15/2018,84.27
12/14/2018,83.9
12/13/2018,86.39
12/12/2018,90.52
12/11/2018,88.05
12/10/2018,90.7
12/9/2018,94.42
12/8/2018,91.44
12/7/2018,93.61
12/6/2018,90.43
12/5/2018,101.57
12/4/2018,109.82
12/3/2018,108.23
12/2/2018,115.96
12/1/2018,118.5
11/30/2018,112.87
11/29/2018,117.48
11/28/2018,122.88
11/27/2018,110.19
11/26/2018,108.87
11/25/2018,116.75
11/24/2018,112.75
11/23/2018,123.37
11/22/2018,124.83
11/21/2018,136.5
11/20/2018,130.74
11/19/2018,148.22
11/18/2018,177.53
11/17/2018,174.22
11/16/2018,174.84
11/15/2018,181.53
11/14/2018,182.72
11/13/2018,206.42
11/12/2018,210.81
11/11/2018,211.7
11/10/2018,211.9
11/9/2018,209.39
11/8/2018,211.29
11/7/2018,217.99
11/6/2018,219.56
11/5/2018,209.7
11/4/2018,211.3
11/3/2018,199.47
11/2/2018,201.02
11/1/2018,198.73
10/31/2018,197.85
10/30/2018,196.19
10/29/2018,195.67
10/28/2018,203.72
10/27/2018,202.79
10/26/2018,203.37
10/25/2018,201.23
10/24/2018,202.92
10/23/2018,203.7
10/22/2018,203.6
10/21/2018,204.77
10/20/2018,205.08
10/19/2018,202.86
10/18/2018,202.49
10/17/2018,207.6
10/16/2018,210.22
10/15/2018,210.8
10/14/2018,194.99
10/13/2018,199.45
10/12/2018,195.97
10/11/2018,189.83
10/10/2018,225.26
10/9/2018,227.49
10/8/2018,229.33
10/7/2018,225.65
10/6/2018,224.62
10/5/2018,227.9
10/4/2018,221.76
10/3/2018,219.97
10/2/2018,225.41
10/1/2018,230.89
9/30/2018,232.6
9/29/2018,231.32
9/28/2018,221.56
9/27/2018,229.09
9/26/2018,214.21
9/25/2018,219.2
9/24/2018,227.92
9/23/2018,244.55
9/22/2018,240.78
9/21/2018,247.69
9/20/2018,224.76
9/19/2018,209.78
9/18/2018,208.39
9/17/2018,196.04
9/16/2018,220.12
9/15/2018,221.63
9/14/2018,208.87
9/13/2018,211.27
9/12/2018,183.03
9/11/2018,185.15
9/10/2018,197.14
9/9/2018,195.99
9/8/2018,196.77
9/7/2018,215.14
9/6/2018,229.52
9/5/2018,228.27
9/4/2018,285.23
9/3/2018,288.97
9/2/2018,295.02
9/1/2018,295.36
8/31/2018,281.66
8/30/2018,284.15
8/29/2018,288.67
8/28/2018,295.55
8/27/2018,288.02
8/26/2018,274.3
8/25/2018,277.56
8/24/2018,281.37
8/23/2018,275.83
8/22/2018,270.37
8/21/2018,281.13
8/20/2018,270.81
8/19/2018,299.62
8/18/2018,294.85
8/17/2018,317.57
8/16/2018,286.8
8/15/2018,281.24
8/14/2018,278.31
8/13/2018,284.03
8/12/2018,318.2
8/11/2018,318.01
8/10/2018,331.57
8/9/2018,363.51
8/8/2018,355.57
8/7/2018,377.94
8/6/2018,404.95
8/5/2018,408.81
8/4/2018,406.91
8/3/2018,417.62
8/2/2018,410.83
8/1/2018,419.87
7/31/2018,431.99
7/30/2018,456.56
7/29/2018,466.2
7/28/2018,468.55
7/27/2018,469.69
7/26/2018,462.03
7/25/2018,471.28
7/24/2018,479.47
7/23/2018,449.63
7/22/2018,457.65
7/21/2018,461.04
7/20/2018,448.84
7/19/2018,468.65
7/18/2018,479.02
7/17/2018,499.06
7/16/2018,478.75
7/15/2018,449.62
7/14/2018,433.74
7/13/2018,432.46
7/12/2018,430.91
7/11/2018,445.59
7/10/2018,432.69
7/9/2018,471.48
7/8/2018,486.19
7/7/2018,485.81
7/6/2018,469.93
7/5/2018,467.55
7/4/2018,467.19
7/3/2018,461.95
7/2/2018,476.58
7/1/2018,451.95
6/30/2018,453.42
6/29/2018,435.25
6/28/2018,420.72
6/27/2018,441.75
6/26/2018,429.58
6/25/2018,458.82
6/24/2018,455.25
6/23/2018,474.18
6/22/2018,462.16
6/21/2018,525.77
6/20/2018,536.16
6/19/2018,538.45
6/18/2018,517.63
6/17/2018,496.74
6/16/2018,497.22
6/15/2018,487.51
6/14/2018,519.83
6/13/2018,476.3
6/12/2018,494.53
6/11/2018,531.15
6/10/2018,524.74
6/9/2018,593.38
6/8/2018,599.55
6/7/2018,604.44
6/6/2018,606.3
6/5/2018,608.23
6/4/2018,591.31
6/3/2018,619.04
6/2/2018,590.53
6/1/2018,579.01
5/31/2018,577.23
5/30/2018,557.12
5/29/2018,566.59
5/28/2018,512.03
5/27/2018,569.64
5/26/2018,585.76
5/25/2018,584.77
5/24/2018,602.59
5/23/2018,577.01
5/22/2018,640.84
5/21/2018,696.73
5/20/2018,715.15
5/19/2018,696.05
5/18/2018,693.57
5/17/2018,668.38
5/16/2018,706.72
5/15/2018,705.64
5/14/2018,727.41
5/13/2018,729.34
5/12/2018,683.64
5/11/2018,677.8
5/10/2018,723.61
5/9/2018,751.27
5/8/2018,747.79
5/7/2018,752.4
5/6/2018,790.39
5/5/2018,816.58
5/4/2018,784.21
5/3/2018,777.62
5/2/2018,686.74
5/1/2018,670.81
4/30/2018,670.04
4/29/2018,689.31
4/28/2018,683.02
4/27/2018,643.33
4/26/2018,661.45
4/25/2018,617.73
4/24/2018,703.35
4/23/2018,644.13
4/22/2018,621.33
4/21/2018,605.17
4/20/2018,617.16
4/19/2018,567.25
4/18/2018,525.78
4/17/2018,503.03
4/16/2018,511.67
4/15/2018,534.15
4/14/2018,502.79
4/13/2018,494.96
4/12/2018,493.95
4/11/2018,430.42
4/10/2018,415.65
4/9/2018,399.02
4/8/2018,400.72
4/7/2018,384.98
4/6/2018,370.35
4/5/2018,381.36
4/4/2018,378.65
4/3/2018,415.93
4/2/2018,384.68
4/1/2018,378.85
3/31/2018,394.07
3/30/2018,393.82
3/29/2018,383.9
3/28/2018,445.93
3/27/2018,448.78
3/26/2018,486.25
3/25/2018,523.01
3/24/2018,520.16
3/23/2018,543.83
3/22/2018,539.89
3/21/2018,559.91
3/20/2018,557.57
3/19/2018,555.55
3/18/2018,537.38
3/17/2018,549.79
3/16/2018,600.53
3/15/2018,610.56
3/14/2018,613.15
3/13/2018,689.96
3/12/2018,697.02
3/11/2018,720.36
3/10/2018,682.3
3/9/2018,726.92
3/8/2018,698.83
3/7/2018,751.13
3/6/2018,815.69
3/5/2018,849.42
3/4/2018,864.83
3/3/2018,855.65
3/2/2018,855.6
3/1/2018,869.87
2/28/2018,851.5
2/27/2018,871.58
2/26/2018,867.62
2/25/2018,840.28
2/24/2018,833.49
2/23/2018,854.7
2/22/2018,804.63
2/21/2018,840.1
2/20/2018,885.52
2/19/2018,939.79
2/18/2018,913.9
2/17/2018,974.77
2/16/2018,938.02
2/15/2018,927.95
2/14/2018,920.11
2/13/2018,840.98
2/12/2018,865.27
2/11/2018,811.24
2/10/2018,850.75
2/9/2018,877.88
2/8/2018,813.55
2/7/2018,751.81
2/6/2018,785.01
2/5/2018,695.08
2/4/2018,827.59
2/3/2018,970.87
2/2/2018,917.47
2/1/2018,1026.19
1/31/2018,1111.31
1/30/2018,1063.75
1/29/2018,1169.96
1/28/2018,1231.58
1/27/2018,1109.08
1/26/2018,1048.58
1/25/2018,1046.37
1/24/2018,1061.78
1/23/2018,984.47
1/22/2018,999.64
1/21/2018,1049.09
1/20/2018,1150.5
1/19/2018,1037.36
1/18/2018,1012.97
1/17/2018,1024.69
1/16/2018,1050.26
1/15/2018,1278.69
1/14/2018,1359.48
1/13/2018,1385.02
1/12/2018,1261.03
1/11/2018,1139.32
1/10/2018,1248.99
1/9/2018,1289.24
1/8/2018,1136.11
1/7/2018,1117.75
1/6/2018,1006.41
1/5/2018,967.13
1/4/2018,944.83
1/3/2018,941.1
1/2/2018,861.97
1/1/2018,756.2
12/31/2017,741.13
12/30/2017,692.99
12/29/2017,739.6
12/28/2017,716.69
12/27/2017,739.94
12/26/2017,753.4
12/25/2017,723.14
12/24/2017,675.91
12/23/2017,700.44
12/22/2017,657.83
12/21/2017,789.39
12/20/2017,799.17
12/19/2017,812.5
12/18/2017,785.99
12/17/2017,717.71
12/16/2017,692.83
12/15/2017,684.27
12/14/2017,693.58
12/13/2017,699.09
12/12/2017,656.52
12/11/2017,513.29
12/10/2017,436.49
12/9/2017,472.86
12/8/2017,451.74
12/7/2017,421.15
12/6/2017,422.48
12/5/2017,453.96
12/4/2017,466.93
12/3/2017,462.81
12/2/2017,457.96
12/1/2017,461.58
11/30/2017,434.85
11/29/2017,427.42
11/28/2017,466.27
11/27/2017,475.24
11/26/2017,470.54
11/25/2017,464.61
11/24/2017,470.43
11/23/2017,406.57
11/22/2017,380.84
11/21/2017,360.52
11/20/2017,367.71
11/19/2017,354.6
11/18/2017,346.65
11/17/2017,331.72
11/16/2017,330.32
11/15/2017,331.2
11/14/2017,334.72
11/13/2017,314.6
11/12/2017,306.02
11/11/2017,314.23
11/10/2017,296.86
11/9/2017,319.66
11/8/2017,307.35
11/7/2017,291.84
11/6/2017,296.82
11/5/2017,296.23
11/4/2017,300.04
11/3/2017,304.51
11/2/2017,284.92
11/1/2017,289.42
10/31/2017,303.64
10/30/2017,306.8
10/29/2017,304.04
10/28/2017,293.35
10/27/2017,296.36
10/26/2017,295.54
10/25/2017,296.35
10/24/2017,296.5
10/23/2017,285.27
10/22/2017,294.03
10/21/2017,299.55
10/20/2017,303.08
10/19/2017,307.41
10/18/2017,313.54
10/17/2017,316.14
10/16/2017,334.23
10/15/2017,336.58
10/14/2017,338.81
10/13/2017,336.83
10/12/2017,302.89
10/11/2017,302.86
10/10/2017,298.46
10/9/2017,296.95
10/8/2017,309.49
10/7/2017,311.26
10/6/2017,308.33
10/5/2017,294.99
10/4/2017,291.68
10/3/2017,291.81
10/2/2017,296.81
10/1/2017,303.95
9/30/2017,302.77
9/29/2017,292.58
9/28/2017,302.77
9/27/2017,309.97
9/26/2017,288.64
9/25/2017,294.89
9/24/2017,282.6
9/23/2017,286.14
9/22/2017,262.94
9/21/2017,257.77
9/20/2017,283.56
9/19/2017,283
9/18/2017,297.53
9/17/2017,258.4
9/16/2017,254.49
9/15/2017,259.57
9/14/2017,223.14
9/13/2017,275.84
9/12/2017,294.1
9/11/2017,297.95
9/10/2017,299.21
9/9/2017,303.79
9/8/2017,306.72
9/7/2017,335.37
9/6/2017,338.92
9/5/2017,317.94
9/4/2017,303.7
9/3/2017,352.45
9/2/2017,351.03
9/1/2017,391.42
8/31/2017,388.33
8/30/2017,383.86
8/29/2017,372.35
8/28/2017,347.66
8/27/2017,347.88
8/26/2017,332.86
8/25/2017,330.06
8/24/2017,325.28
8/23/2017,317.4
8/22/2017,313.37
8/21/2017,321.85
8/20/2017,298.2
8/19/2017,293.02
8/18/2017,292.62
8/17/2017,300.3
8/16/2017,301.38
8/15/2017,286.52
8/14/2017,299.16
8/13/2017,296.62
8/12/2017,308.02
8/11/2017,309.32
8/10/2017,298.28
8/9/2017,295.28
8/8/2017,296.51
8/7/2017,269.94
8/6/2017,264.56
8/5/2017,253.09
8/4/2017,220.6
8/3/2017,224.39
8/2/2017,218.12
8/1/2017,225.9
7/31/2017,201.33
7/30/2017,196.78
7/29/2017,206.14
7/28/2017,191.21
7/27/2017,202.93
7/26/2017,202.88
7/25/2017,203.59
7/24/2017,225.48
7/23/2017,228.32
7/22/2017,230.47
7/21/2017,216.33
7/20/2017,226.33
7/19/2017,194.41
7/18/2017,227.09
7/17/2017,189.97
7/16/2017,155.42
7/15/2017,169.1
7/14/2017,197.14
7/13/2017,205.41
7/12/2017,224.15
7/11/2017,190.55
7/10/2017,205.76
7/9/2017,237.72
7/8/2017,245.67
7/7/2017,240.94
7/6/2017,265.88
7/5/2017,266
7/4/2017,269.05
7/3/2017,276.41
7/2/2017,283.99
7/1/2017,261
6/30/2017,280.68
6/29/2017,292.9
6/28/2017,315.86
6/27/2017,286.14
6/26/2017,253.68
6/25/2017,279.36
6/24/2017,304.54
6/23/2017,326.85
6/22/2017,320.97
6/21/2017,325.3
6/20/2017,350.53
6/19/2017,358.2
6/18/2017,351.53
6/17/2017,368.1
6/16/2017,353.61
6/15/2017,344.68
6/14/2017,343.84
6/13/2017,388.09
6/12/2017,394.66
6/11/2017,339.68
6/10/2017,335.95
6/9/2017,279.11
6/8/2017,259.41
6/7/2017,255.77
6/6/2017,264.26
6/5/2017,247.75
6/4/2017,244.96
6/3/2017,224.3
6/2/2017,222.04
6/1/2017,220.7
5/31/2017,228.64
5/30/2017,228.58
5/29/2017,194.17
5/28/2017,172.86
5/27/2017,156.63
5/26/2017,162.83
5/25/2017,177.33
5/24/2017,193.03
5/23/2017,169.5
5/22/2017,160.39
5/21/2017,148
5/20/2017,123.06
5/19/2017,124.38
5/18/2017,95.88
5/17/2017,86.98
5/16/2017,87.8
5/15/2017,90.32
5/14/2017,88.72
5/13/2017,87.96
5/12/2017,85.15
5/11/2017,88.2
5/10/2017,87.83
5/9/2017,86.27
5/8/2017,88.39
5/7/2017,90.46
5/6/2017,94.82
5/5/2017,90.79
5/4/2017,94.55
5/3/2017,80.37
5/2/2017,77.25
5/1/2017,77.53
4/30/2017,79.83
4/29/2017,69.83
4/28/2017,72.42
4/27/2017,63.14
4/26/2017,53.28
4/25/2017,50.09
4/24/2017,49.94
4/23/2017,48.75
4/22/2017,48.41
4/21/2017,48.27
4/20/2017,49.36
4/19/2017,47.88
4/18/2017,49.88
4/17/2017,47.94
4/16/2017,48.22
4/15/2017,48.89
4/14/2017,47.32
4/13/2017,49.97
4/12/2017,46.38
4/11/2017,43.74
4/10/2017,43.74
4/9/2017,43.72
4/8/2017,44.37
4/7/2017,42.31
4/6/2017,43.23
4/5/2017,44.9
4/4/2017,44.43
4/3/2017,44.13
4/2/2017,48.55
4/1/2017,50.6
3/31/2017,49.91
3/30/2017,51.91
3/29/2017,53.07
3/28/2017,50.25
3/27/2017,49.06
3/26/2017,50.63
3/25/2017,50.62
3/24/2017,53.19
3/23/2017,43.2
3/22/2017,41.65
3/21/2017,42.67
3/20/2017,42.51
3/19/2017,43.12
3/18/2017,34
3/17/2017,44.48
3/16/2017,45.51
3/15/2017,35.18
3/14/2017,28.58
3/13/2017,28.45
3/12/2017,23.31
3/11/2017,21.45
3/10/2017,19.13
3/9/2017,17.71
3/8/2017,16.54
3/7/2017,18.91
3/6/2017,19.75
3/5/2017,19.22
3/4/2017,18.61
3/3/2017,19.48
3/2/2017,19.08
3/1/2017,17.55
2/28/2017,16.07
2/27/2017,15.55
2/26/2017,14.59
2/25/2017,13.57
2/24/2017,13.11
2/23/2017,13.13
2/22/2017,12.69
2/21/2017,12.77
2/20/2017,12.52
2/19/2017,12.82
2/18/2017,12.83
2/17/2017,12.72
2/16/2017,12.95
2/15/2017,12.97
2/14/2017,13
2/13/2017,11.39
2/12/2017,11.42
2/11/2017,11.43
2/10/2017,11.34
2/9/2017,10.94
2/8/2017,11.39
2/7/2017,11.45
2/6/2017,11.32
2/5/2017,11.22
2/4/2017,11.32
2/3/2017,10.95
2/2/2017,10.78
2/1/2017,10.71
1/31/2017,10.71
1/30/2017,10.62
1/29/2017,10.47
1/28/2017,10.54
1/27/2017,10.51
1/26/2017,10.65
1/25/2017,10.51
1/24/2017,10.51
1/23/2017,10.78
1/22/2017,10.71
1/21/2017,10.91
1/20/2017,10.6
1/19/2017,10.43
1/18/2017,10.19
1/17/2017,10.14
1/16/2017,9.59
1/15/2017,9.88
1/14/2017,9.78
1/13/2017,9.78
1/12/2017,9.81
1/11/2017,9.83
1/10/2017,10.55
1/9/2017,10.2
1/8/2017,10.27
1/7/2017,9.78
1/6/2017,10.07
1/5/2017,10.2
1/4/2017,10.88
1/3/2017,9.59
1/2/2017,8.33
1/1/2017,8.14
12/31/2016,8.05
12/30/2016,8.16
12/29/2016,8.21
12/28/2016,7.57
12/27/2016,7.15
12/26/2016,7.21
12/25/2016,7.19
12/24/2016,7.23
12/23/2016,7.16
12/22/2016,7.64
12/21/2016,7.87
12/20/2016,7.59
12/19/2016,7.61
12/18/2016,7.89
12/17/2016,7.66
12/16/2016,7.85
12/15/2016,7.76
12/14/2016,8.23
12/13/2016,8.4
12/12/2016,8.45
12/11/2016,8.2
12/10/2016,8.09
12/9/2016,8.52
12/8/2016,8.3
12/7/2016,8.35
12/6/2016,7.61
12/5/2016,6.69
12/4/2016,7.54
12/3/2016,7.9
12/2/2016,7.65
12/1/2016,8.44
11/30/2016,8.59
11/29/2016,8.18
11/28/2016,8.66
11/27/2016,8.91
11/26/2016,9.34
11/25/2016,9.39
11/24/2016,9.22
11/23/2016,9.78
11/22/2016,9.84
11/21/2016,9.56
11/20/2016,9.57
11/19/2016,9.7
11/18/2016,9.53
11/17/2016,9.95
11/16/2016,10.01
11/15/2016,10.22
11/14/2016,10
11/13/2016,10.13
11/12/2016,9.96
11/11/2016,10.29
11/10/2016,10.52
11/9/2016,10.64
11/8/2016,10.86
11/7/2016,10.9
11/6/2016,10.97
11/5/2016,11.11
11/4/2016,11.13
11/3/2016,10.86
11/2/2016,10.82
11/1/2016,10.75
10/31/2016,10.91
10/30/2016,11.22
10/29/2016,10.39
10/28/2016,11.08
10/27/2016,11.43
10/26/2016,11.5
10/25/2016,11.38
10/24/2016,11.93
10/23/2016,11.95
10/22/2016,12.06
10/21/2016,12.07
10/20/2016,12.05
10/19/2016,11.98
10/18/2016,12.5
10/17/2016,11.98
10/16/2016,11.93
10/15/2016,11.96
10/14/2016,11.9
10/13/2016,12.02
10/12/2016,11.77
10/11/2016,11.75
10/10/2016,11.74
10/9/2016,12.06
10/8/2016,12.24
10/7/2016,12.68
10/6/2016,12.87
10/5/2016,13.09
10/4/2016,13.32
10/3/2016,13.45
10/2/2016,13.23
10/1/2016,13.21
9/30/2016,13.24
9/29/2016,13.17
9/28/2016,13.3
9/27/2016,13.09
9/26/2016,12.89
9/25/2016,13.05
9/24/2016,12.91
9/23/2016,13.36
9/22/2016,13.11
9/21/2016,13.72
9/20/2016,14.72
9/19/2016,12.93
9/18/2016,12.39
9/17/2016,12.83
9/16/2016,12.61
9/15/2016,11.96
9/14/2016,11.97
9/13/2016,11.92
9/12/2016,11.89
9/11/2016,11.64
9/10/2016,12.05
9/9/2016,11.72
9/8/2016,11.39
9/7/2016,11.59
9/6/2016,11.7
9/5/2016,11.75
9/4/2016,11.71
9/3/2016,11.85
9/2/2016,12.08
9/1/2016,12.21
8/31/2016,11.55
8/30/2016,11.21
8/29/2016,10.95
8/28/2016,10.99
8/27/2016,11.19
8/26/2016,11.26
8/25/2016,11.35
8/24/2016,11.01
8/23/2016,11.01
8/22/2016,11.07
8/21/2016,11.14
8/20/2016,11.28
8/19/2016,10.71
8/18/2016,10.77
8/17/2016,10.77
8/16/2016,11.17
8/15/2016,11.21
8/14/2016,11.21
8/13/2016,11.56
8/12/2016,11.78
8/11/2016,11.68
8/10/2016,12.22
8/9/2016,12.22
8/8/2016,11.29
8/7/2016,10.98
8/6/2016,10.95
8/5/2016,11.05
8/4/2016,11.21
8/3/2016,10.42
8/2/2016,8.3
8/1/2016,11.04
7/31/2016,11.86
7/30/2016,12.57
7/29/2016,12.87
7/28/2016,12.87
7/27/2016,13.05
7/26/2016,12.08
7/25/2016,13.84
7/24/2016,12.63
7/23/2016,14.4
7/22/2016,14.82
7/21/2016,12.66
7/20/2016,12.54
7/19/2016,11.63
7/18/2016,11.03
7/17/2016,11.19
7/16/2016,11.59
7/15/2016,11.88
7/14/2016,11.55
7/13/2016,10.44
7/12/2016,10.54
7/11/2016,10.58
7/10/2016,10.97
7/9/2016,10.92
7/8/2016,11.3
7/7/2016,10.07
7/6/2016,10.51
7/5/2016,10.45
7/4/2016,11.34
7/3/2016,11.85
7/2/2016,12.04
7/1/2016,12.23
6/30/2016,12.4
6/29/2016,12.76
6/28/2016,12.15
6/27/2016,14.04
6/26/2016,13.82
6/25/2016,14.28
6/24/2016,14.25
6/23/2016,13.58
6/22/2016,13.21
6/21/2016,12.71
6/20/2016,11.7
6/19/2016,12.33
6/18/2016,11.36
6/17/2016,15.49
6/16/2016,20.61
6/15/2016,18.3
6/14/2016,18.7
6/13/2016,17.55
6/12/2016,15.57
6/11/2016,14.01
6/10/2016,13.97
6/9/2016,14.49
6/8/2016,14.44
6/7/2016,14.41
6/6/2016,13.96
6/5/2016,13.85
6/4/2016,13.66
6/3/2016,13.78
6/2/2016,13.78
6/1/2016,13.83
5/31/2016,13.85
5/30/2016,12.48
5/29/2016,12.28
5/28/2016,11.56
5/27/2016,11.11
5/26/2016,12.37
5/25/2016,12.53
5/24/2016,12.62
5/23/2016,13.45
5/22/2016,14.21
5/21/2016,13.95
5/20/2016,13.73
5/19/2016,14.49
5/18/2016,13.29
5/17/2016,12.26
5/16/2016,11.04
5/15/2016,9.94
5/14/2016,10.14
5/13/2016,10.48
5/12/2016,10.1
5/11/2016,9.97
5/10/2016,9.39
5/9/2016,9.32
5/8/2016,9.44
5/7/2016,9.3
5/6/2016,9.27
5/5/2016,9.79
5/4/2016,9.43
5/3/2016,9.37
5/2/2016,10.03
5/1/2016,8.76
4/30/2016,8.83
4/29/2016,7.51
4/28/2016,7.3
4/27/2016,7.77
4/26/2016,7.5
4/25/2016,7.43
4/24/2016,8
4/23/2016,8.31
4/22/2016,7.83
4/21/2016,8.15
4/20/2016,8.54
4/19/2016,8.77
4/18/2016,8.92
4/17/2016,9.45
4/16/2016,8.48
4/15/2016,8.22
4/14/2016,8.48
4/13/2016,8.02
4/12/2016,7.53
4/11/2016,8.72
4/10/2016,8.8
4/9/2016,9.16
4/8/2016,9.74
4/7/2016,10.08
4/6/2016,10.79
4/5/2016,10.39
4/4/2016,11.1
4/3/2016,11.58
4/2/2016,11.61
4/1/2016,11.63
3/31/2016,11.41
3/30/2016,11.88
3/29/2016,11.73
3/28/2016,11.58
3/27/2016,10.5
3/26/2016,11
3/25/2016,10.69
3/24/2016,11.13
3/23/2016,12.29
3/22/2016,10.96
3/21/2016,11.97
3/20/2016,10.06
3/19/2016,10.55
3/18/2016,10.75
3/17/2016,11.14
3/16/2016,12.92
3/15/2016,13.09
3/14/2016,12.5
3/13/2016,15
3/12/2016,13.25
3/11/2016,11.25
3/10/2016,11.11
3/9/2016,11.55
3/8/2016,9.88
3/7/2016,9.5
3/6/2016,10.98
3/5/2016,11
3/4/2016,9.96
3/3/2016,9.35
3/2/2016,8.7
3/1/2016,7.59
2/29/2016,6.35
2/28/2016,6.5
2/27/2016,6.31
2/26/2016,6.03
2/25/2016,5.93
2/24/2016,6.23
2/23/2016,5.7
2/22/2016,5.6
2/21/2016,4.63
2/20/2016,4.37
2/19/2016,4.45
2/18/2016,4.36
2/17/2016,3.86
2/16/2016,4.25
2/15/2016,5.22
2/14/2016,5.2
2/13/2016,5.22
2/12/2016,5.27
2/11/2016,6.38
2/10/2016,4.35
2/9/2016,3.76
2/8/2016,3.16
2/7/2016,3
2/6/2016,2.53
2/5/2016,2.56
2/4/2016,2.57
2/3/2016,2.53
2/2/2016,2.45
2/1/2016,2.17
1/31/2016,2.2
1/30/2016,2.44
1/29/2016,2.41
1/28/2016,2.55
1/27/2016,2.42
1/26/2016,2.3
1/25/2016,2.5
1/24/2016,2.1
1/23/2016,2.03
1/22/2016,1.52
1/21/2016,1.54
1/20/2016,1.54
1/19/2016,1.22
1/18/2016,1.47
1/17/2016,1.31
1/16/2016,1.22
1/15/2016,1.2
1/14/2016,1.16
1/13/2016,1.14
1/12/2016,1.22
1/11/2016,1.08
1/10/2016,1
1/9/2016,0.985
1/8/2016,0.985
1/7/2016,0.94
1/6/2016,0.95
1/5/2016,0.9426
1/4/2016,0.95
1/3/2016,0.96
1/2/2016,0.9547
1/1/2016,0.92
12/31/2015,0.9488
12/30/2015,0.8925
12/29/2015,0.86
12/28/2015,0.8749
12/27/2015,0.918
12/26/2015,0.853
12/25/2015,0.88
12/24/2015,0.87
12/23/2015,0.8709
12/22/2015,0.88
12/21/2015,0.91
12/20/2015,1.07
12/19/2015,0.8935
12/18/2015,0.9
12/17/2015,0.94
12/16/2015,0.803
12/15/2015,1
12/14/2015,0.99
12/13/2015,0.9199
12/12/2015,0.96
12/11/2015,0.8998
12/10/2015,0.8437
12/9/2015,0.8051
12/8/2015,0.8102
12/7/2015,0.79
12/6/2015,0.825
12/5/2015,0.8699
12/4/2015,0.84
12/3/2015,0.83
12/2/2015,0.82
12/1/2015,0.87
11/30/2015,0.88
11/29/2015,0.87
11/28/2015,0.91
11/27/2015,0.88
11/26/2015,0.86
11/25/2015,0.87
11/24/2015,0.91
11/23/2015,0.92
11/22/2015,0.97
11/21/2015,0.96
11/20/2015,0.92
11/19/2015,0.94
11/18/2015,0.9973
11/17/2015,1
11/16/2015,0.925
11/15/2015,0.9193
11/14/2015,0.88
11/13/2015,0.9
11/12/2015,0.88
11/11/2015,0.75
11/10/2015,0.9
11/9/2015,0.998
11/8/2015,1
11/7/2015,0.93
11/6/2015,0.9899
11/5/2015,0.8764
11/4/2015,0.799
11/3/2015,1.06
11/2/2015,0.9878
11/1/2015,0.99
10/31/2015,0.8676
10/30/2015,1.14
10/29/2015,1.12
10/28/2015,0.99
10/27/2015,0.83
10/26/2015,0.706
10/25/2015,0.62
10/24/2015,0.5561
10/23/2015,0.5649
10/22/2015,0.609
10/21/2015,0.42
10/20/2015,0.44
10/19/2015,0.5
10/18/2015,0.505
10/17/2015,0.523
10/16/2015,0.525
10/15/2015,0.56
10/14/2015,0.5
10/13/2015,0.6017
10/12/2015,0.63
10/11/2015,0.5993
10/10/2015,0.6351
10/9/2015,0.6352
10/8/2015,0.62
10/7/2015,0.6
10/6/2015,0.6511
10/5/2015,0.6078
10/4/2015,0.6095
10/3/2015,0.6796
10/2/2015,0.6647
10/1/2015,0.6548
9/30/2015,0.7137
9/29/2015,0.6816
9/28/2015,0.6
9/27/2015,0.7008
9/26/2015,0.7703
9/25/2015,0.6823
9/24/2015,0.8
9/23/2015,0.91
9/22/2015,0.8059
9/21/2015,0.9412
9/20/2015,0.8871
9/19/2015,0.89
9/18/2015,0.8523
9/17/2015,0.875
9/16/2015,0.9363
9/15/2015,0.95
9/14/2015,0.955
9/13/2015,0.8856
9/12/2015,1.15
9/11/2015,0.9242
9/10/2015,1.19
9/9/2015,1.21
9/8/2015,1.26
9/7/2015,1.28
9/6/2015,1.34
9/5/2015,1.37
9/4/2015,1.35
9/3/2015,1.23
9/2/2015,1.14
9/1/2015,1.36
8/31/2015,1.31
8/30/2015,1.32
8/29/2015,1.18
8/28/2015,1.3
8/27/2015,1.14
8/26/2015,1.18
8/25/2015,1.27
8/24/2015,1.24
8/23/2015,1.35
8/22/2015,1.4
8/21/2015,1.44
8/20/2015,1.52
8/19/2015,1.24
8/18/2015,1.36
8/17/2015,1.3
8/16/2015,1.37
8/15/2015,1.79
8/14/2015,1.79
8/13/2015,1.88
8/12/2015,1.29
8/11/2015,0.99
8/10/2015,1.2
8/9/2015,1.2
8/8/2015,1.2
8/7/2015,3
